,v,RGARCH-MIDAS+X
2017/7/18,0.5688699826840901,0.35976900185480076
2017/7/19,1.6462237690783506,0.4792986799890886
2017/7/20,2.209565293727636,0.6439640431418655
2017/7/21,0.8333028269718085,0.6252776454195751
2017/7/24,0.11081044589692089,0.5323524674675246
2017/7/25,0.08944268545808999,0.4630486084138916
2017/7/26,0.02494475930881,0.3947630047254283
2017/7/27,0.00037231632025,0.3322050982063429
2017/7/28,0.70127242388401,0.34966862750751276
2017/7/31,1.1820849900007826,0.41810149694548343
2017/8/1,0.29421576795556004,0.37048152113101857
2017/8/2,0.0221489371785361,0.3115579260385006
2017/8/3,0.048971831097639994,0.27196279469200835
2017/8/4,0.67348710303876,0.3248931262223258
2017/8/7,0.16920775299169,0.30100300448453116
2017/8/8,0.0818207637540241,0.2582218592510336
2017/8/9,0.0476578807569225,0.21946419259026517
2017/8/10,0.09941620882728959,0.1915887684709661
2017/8/11,0.49082943070084,0.23341026933709336
2017/8/14,0.539614049731433,0.24919549402269464
2017/8/15,1.08852684696001,0.32343365456340833
2017/8/16,1.01723999364e-05,0.27204779737294454
2017/8/17,0.0499852798182544,0.23122635310221984
2017/8/18,0.0094010205324996,0.19436262832380202
2017/8/21,0.07064403173130249,0.16796279469921221
2017/8/22,0.023068770719764903,0.1421018041091332
2017/8/23,0.007382796298240001,0.12272019351047932
2017/8/24,0.08803468780096,0.11994789116468356
2017/8/25,0.011894450044422399,0.10130929786266336
2017/8/28,0.8830495277611226,0.17659547183498708
2017/8/29,0.08264952263688999,0.15416424282673852
2017/8/30,0.02687783186916,0.13654197978858343
2017/8/31,0.0334049386972324,0.11651189586163396
2017/9/1,0.1598279422809169,0.10943041059894701
2017/9/4,0.3531009618445401,0.1252921218192323
2017/9/5,0.5284239101043985,0.15746354522412329
2017/9/6,0.5389205900486521,0.18553648956416452
2017/9/7,0.1774940354661681,0.17077003158175055
2017/9/8,0.0006022660800321,0.14394810862683874
2017/9/11,1.4396284319723287,0.2750756627638482
2017/9/12,0.4419676691461201,0.2734610247063855
2017/9/13,0.0286298447166736,0.23076281889906128
2017/9/14,0.0013504419626896,0.19404060796755274
2017/9/15,0.6478701272544399,0.2562801738286713
2017/9/18,0.0605727015156484,0.21890130671264535
2017/9/19,0.047085367490056894,0.18649172386029858
2017/9/20,0.0389901198679056,0.15872622732215277
2017/9/21,0.02155097400625,0.13940193627953812
2017/9/22,0.68390683657956,0.21529387432430033
2017/9/25,0.17797902187536002,0.21049734254299982
2017/9/26,0.007520356665600099,0.17694971014148436
2017/9/27,0.9221661797306255,0.24426838998642206
2017/9/28,0.42979599287335846,0.2463628065735988
2017/9/29,0.022064015738952097,0.20764798544196506
2017/10/9,0.22841643491566238,0.19612662123325786
2017/10/10,0.08345951212095998,0.1806939197729275
2017/10/11,0.145347750025,0.17688286013601254
2017/10/12,0.01845500514064,0.1540401583663503
2017/10/13,0.22412458378728042,0.14914467765553305
2017/10/16,0.1374795065776441,0.13635785132993458
2017/10/17,0.04549437309480999,0.12474770195975209
2017/10/18,0.023068144961640103,0.10592275596411023
2017/10/19,0.010454530806760001,0.09308807506392439
2017/10/20,0.2667077430500025,0.10252643895925596
2017/10/23,0.8163876759222276,0.17017308620565133
2017/10/24,0.04937697300649,0.1458978580453415
2017/10/25,0.0287346368274436,0.1240031510075317
2017/10/26,0.0051638265444529,0.10453362332181593
2017/10/27,0.015588396462250001,0.09294238899660125
2017/10/30,0.12361686414561,0.10028332753670487
2017/10/31,0.021974724036787602,0.08537683610153629
2017/11/1,0.11753355395498888,0.08008562395440873
2017/11/2,0.20441285609615997,0.10104984228697018
2017/11/3,0.31892674969600004,0.1344276296276255
2017/11/6,0.3342152073199801,0.14420901234224046
2017/11/7,0.6026755682081125,0.18141595691430845
2017/11/8,0.21623699716641,0.1712416097412715
2017/11/9,0.4695071939154024,0.18952183524838762
2017/11/10,1.289083271006681,0.2961285839962744
2017/11/13,0.8170635384715488,0.33228883965397743
2017/11/14,0.68908377425449,0.37742395391845107
2017/11/15,3.14977696207321,0.7295379224481515
2017/11/16,0.5209692555240001,0.6876907158022452
2017/11/17,0.32324091543184,0.6260513554565581
2017/11/20,0.0825644824849296,0.5303470942381219
2017/11/21,1.7253441952160165,0.6310873369799839
2017/11/22,0.08662673470563999,0.5349317129042447
2017/11/23,2.1937872525072097,0.7405407103963507
2017/11/24,2.01994815150144,0.8905544014811289
2017/11/27,0.39369187113168996,0.8054113053065467
2017/11/28,0.15725079216195997,0.7014874299497746
2017/11/29,0.2562878576264161,0.6106812552887604
2017/11/30,0.42974894914576006,0.5760052594126673
2017/12/1,0.06007768655625,0.5114751218239288
2017/12/4,0.12494661164929441,0.43843969457909937
2017/12/5,0.31261696358656,0.4159953586549675
2017/12/6,0.20246922116964003,0.3819676383307918
2017/12/7,0.10028261228049001,0.3387852427955135
2017/12/8,0.0097826797092049,0.284412625362837
2017/12/11,1.6821446694150404,0.4203196659764122
2017/12/12,0.13433935876475558,0.36304835359757315
2017/12/13,0.022401055018832404,0.30535997283618005
2017/12/14,0.2333071321723129,0.27676169711100124
2017/12/15,0.41942280353796,0.2951415613863146
2017/12/18,0.48931577902321005,0.31989286262109634
2017/12/19,0.008149557570010001,0.2717133986872753
2017/12/20,0.033106231903392395,0.2296404702007507
2017/12/21,0.1824985242263716,0.2082105943138774
2017/12/22,0.6232781177641225,0.23727490441710242
2017/12/25,0.024244078166010003,0.20565305857946425
2017/12/26,0.06044527107844,0.1851440186292868
2017/12/27,0.051170059264,0.1665109048149301
2017/12/28,0.16106312013288998,0.1672795805503085
2017/12/29,0.0189777211681225,0.14129018674719307
2018/1/2,0.18240845627458088,0.1393444577348789
2018/1/3,1.1906246461599501,0.24304429860710985
2018/1/4,0.5834415393389025,0.26209186413049274
2018/1/5,0.036451744667559995,0.22855177581864095
2018/1/8,0.032925554116000004,0.19988525559441994
2018/1/9,0.00954128472025,0.17159398732353426
2018/1/10,0.19761616723216,0.17674677463767716
2018/1/11,0.16370544878809,0.17625675599242888
2018/1/12,0.03165449447241,0.15589710375558316
2018/1/15,2.7417878913902505,0.4927132893487628
2018/1/16,2.27315506844196,0.7153298932333438
2018/1/17,0.06469366815025,0.6124530426354309
2018/1/18,0.00011135525624999999,0.5142583812896704
2018/1/19,0.0682714241697601,0.4355566193669656
2018/1/22,0.529483210676641,0.4173333143921435
2018/1/23,0.5519461141541776,0.40453098858234443
2018/1/24,0.13075212282735688,0.34951718779537677
2018/1/25,0.0619611664,0.29711642800741617
2018/1/26,0.021435156056249998,0.2552716850886951
2018/1/29,0.5475661085244101,0.2943109014407955
2018/1/30,0.22572609132096,0.2834013039899055
2018/1/31,0.17343385082520998,0.26691438095883824
2018/2/1,1.52558242993809,0.42529005440595974
2018/2/2,0.54293642770084,0.4359855705314649
2018/2/5,0.10865362950225,0.3852515504801555
2018/2/6,2.981496343401,0.714919638370631
2018/2/7,1.0748659064547599,0.7480391196191409
2018/2/8,0.21625810926736,0.6618421661973253
2018/2/9,0.47924702936288993,0.6254983921969021
2018/2/12,1.3728627990115985,0.6705934470486115
2018/2/13,1.44490953752721,0.7165271585700651
2018/2/14,0.041611271414328105,0.6026176060893862
2018/2/22,1.2097275013437767,0.6329558998141542
2018/2/23,0.3902159071645696,0.5674902342661915
2018/2/26,1.4249021426640225,0.6279517279769624
2018/2/27,0.45172721455290243,0.5699154157161048
2018/2/28,0.10871671598395238,0.4858195277928376
2018/3/1,1.0332395799482448,0.5036397932324052
2018/3/2,0.2570914376514225,0.44517540431041075
2018/3/5,0.059657891525122506,0.3769458172923775
2018/3/6,0.1834598127819681,0.3315960306788169
2018/3/7,0.0041708734732899995,0.2805680279944014
2018/3/8,4.53365208976e-05,0.2361084020468351
2018/3/9,0.6370884708823685,0.26213526593269193
2018/3/12,1.5380827698886226,0.3852223178021157
2018/3/13,0.03127022818921,0.3245080638637139
2018/3/14,0.29767259459844003,0.31857598793531783
2018/3/15,0.0005604450186384,0.26768791281857357
2018/3/16,0.07111870242481,0.23871525788029685
2018/3/19,0.24964492616704,0.24014820141907328
2018/3/20,0.0091181510307801,0.20182009328762093
2018/3/21,0.005711831536755601,0.16967473639732497
2018/3/22,0.44549003646016,0.2089984935954371
2018/3/23,3.8582839552522503,0.677637896737712
2018/3/26,0.0626418754232881,0.5717789824072417
2018/3/27,4.864725794360276,1.0300980737110654
2018/3/28,0.01947769140625,0.8683990398326675
2018/3/29,0.04602252021796001,0.7375772585597861
2018/3/30,2.17254803236e-05,0.6186714506082679
2018/4/2,0.00606661843225,0.513130269833522
2018/4/3,1.26297633721284,0.6033916717695649
2018/4/4,0.27092607963136,0.5483215770049128
2018/4/9,0.23967888281401,0.497903198800856
2018/4/10,0.41964500842801694,0.45757032082202603
2018/4/11,0.23512316102500003,0.40433126888636134
2018/4/12,0.25113719026881,0.3789684230564688
2018/4/13,0.41372244879876,0.3799025821241243
2018/4/16,0.57641819712841,0.4024051096790384
2018/4/17,1.4089872798592902,0.5294882225975671
2018/4/18,0.41633207664399996,0.50624318315814
2018/4/19,0.3499077409,0.45709647782708984
2018/4/20,0.06165452879089,0.39577672574456607
2018/4/23,0.36852439325641007,0.3878688001318019
2018/4/24,0.8534800499712255,0.4131394664041222
2018/4/25,0.26176168573478015,0.3698972609230807
2018/4/26,1.300963797604,0.4883925881017276
2018/4/27,0.29333088496009,0.45514485397011745
2018/5/2,0.0031009784861449003,0.37432085317500424
2018/5/3,0.07068390045651358,0.3185685642876242
2018/5/4,0.15504973330860253,0.27987338933986833
2018/5/7,1.0819878091561452,0.348347638343885
2018/5/8,1.2010637046674704,0.41909741816834123
2018/5/9,0.034270388138116906,0.3530544734942763
2018/5/10,0.0048064991483664,0.2962360065705598
2018/5/11,0.00022473607743999998,0.24959898128254765
2018/5/14,0.0019600719652899997,0.20973499927239111
2018/5/15,0.3263174111391601,0.20639675034845364
2018/5/16,0.10509021512996411,0.18115444003235817
2018/5/17,0.18448150307161,0.1828282535052229
2018/5/18,0.12498643056964001,0.175698981395597
2018/5/21,0.25721892377300254,0.17066692740800418
2018/5/22,0.00071792379481,0.14476042738843573
2018/5/23,0.41674616425744,0.184256655076395
2018/5/24,0.71772987947236,0.2572714744600896
2018/5/25,0.78210976627809,0.3268291919819984
2018/5/28,0.5838452951452899,0.35895114713066006
2018/5/29,0.38575253966404005,0.3593610732389882
2018/5/30,2.0065433589300103,0.5697801710154994
2018/5/31,0.06877815708481,0.4911882999548623
2018/6/1,0.09628540734121,0.43195226224362293
2018/6/4,1.32777938830761,0.5437742993955615
2018/6/5,0.0186148230268225,0.456374344333587
2018/6/6,0.4119704468885776,0.42197480297051365
2018/6/7,0.03432263853769,0.36195746998448336
2018/6/8,0.46412281774336006,0.37241955540071414
2018/6/11,0.43520936761599993,0.3772999981780113
2018/6/12,0.0004398205896100001,0.3175867075416913
2018/6/13,0.14364388041444,0.29120359303666216
2018/6/14,0.24272914830025,0.283101615434511
2018/6/15,0.33037078388520996,0.2883638951403585
2018/6/19,5.394785244623289,0.936271690541015
2018/6/20,1.1712499110490002,0.9457341198582553
2018/6/21,0.14107265569296,0.8166098884557637
2018/6/22,0.36986126150883997,0.7402890053494948
2018/6/25,0.1695869901645481,0.6343128615225071
2018/6/26,0.46424095671529003,0.6004045234127501
2018/6/27,0.0826825468412329,0.5088836656320919
2018/6/28,0.46119799816336005,0.4950093245859061
2018/6/29,0.25198246466010255,0.4373999620933396
2018/7/2,0.0008443906105600001,0.38431973659216
2018/7/3,0.293240661289,0.3680424578944426
2018/7/4,0.24468732841744,0.34772159703724015
2018/7/5,1.31498441794729,0.4716569353987922
2018/7/6,0.15329300020225,0.42158368221114517
2018/7/9,1.0990986744140647,0.4689266452940623
2018/7/10,0.8065918006927937,0.47578509955425563
2018/7/11,0.34670699041489,0.45190020453715546
2018/7/12,0.9277925372272144,0.4750614847514889
2018/7/13,0.7124015803093225,0.47046755848279403
2018/7/16,0.16130922734224,0.42173520811288895
2018/7/17,0.00974672435025,0.3572997236479955
2018/7/18,0.037680873927984394,0.3016194942128189
2018/7/19,0.01118754674944,0.2570571941281667
2018/7/20,0.08422335900301209,0.22166402074428007
2018/7/23,0.9330629765184224,0.28293730914920223
2018/7/24,1.8157724200360001,0.43437221637018825
2018/7/25,0.05530443504410249,0.3675454908372385
2018/7/26,0.6878346921640001,0.4067954039756407
2018/7/27,0.30704010854400005,0.3887457501071444
2018/7/30,0.11063060949924002,0.34599022799672985
2018/7/31,0.12639319053124,0.31251126848145894
2018/8/1,0.50303215810576,0.34500689317163535
2018/8/2,3.179738045124,0.7062274173301472
2018/8/3,2.5474008201524097,0.9287768163697612
2018/8/6,3.1401636833704902,1.1898751015544646
2018/8/7,0.09225823059216001,1.0138543781995308
2018/8/8,0.0013478076562500002,0.8495578750646473
2018/8/9,0.1613120146886889,0.7250077544846748
2018/8/10,1.576201079164141,0.7770407064075172
2018/8/13,0.0513508094954089,0.6540652518687876
2018/8/14,0.05468613118243559,0.5514081641893376
2018/8/15,1.82697610498624,0.7077231463359003
2018/8/16,2.622249080896,0.93949456116086
2018/8/17,0.35673109453809004,0.8414243529864351
2018/8/20,0.28902031875720996,0.7500978595210802
2018/8/21,0.2756525631890625,0.6534345147942872
2018/8/22,0.28131036976900003,0.5916856063243509
2018/8/23,0.112844933776,0.5162077326605736
2018/8/24,0.0018117707120100003,0.43445758058444695
2018/8/27,0.42724134084174004,0.40532873216639415
2018/8/28,0.8928521300667609,0.43219701156945334
2018/8/29,0.03452249468529,0.3706044920341836
2018/8/30,0.48636982856483996,0.3826893488229273
2018/8/31,0.57192132252304,0.40418859216551933
2018/9/3,0.13682601,0.3597035084251164
2018/9/4,0.0395102443769856,0.30378952237189955
2018/9/5,0.18782065133584,0.28600337183863794
2018/9/6,1.05445521956889,0.386387142307921
2018/9/7,0.06049705948225,0.3364499486331159
2018/9/10,0.6587354652750401,0.37695359571521714
2018/9/11,0.72498532364449,0.41957133380461414
2018/9/12,0.0532825627656256,0.3550061114757311
2018/9/13,0.31303729584696965,0.3266454334122751
2018/9/14,0.00650124527809,0.2770154566391748
2018/9/17,0.54470850310969,0.3121173728859179
2018/9/18,0.25121419068979833,0.2842847548847489
2018/9/19,1.9046493465613155,0.4457037873773709
2018/9/20,0.21569127726306253,0.39244531333370314
2018/9/21,0.757892351248217,0.4063745103438509
2018/9/25,0.4501851611113921,0.38428884014088943
2018/9/26,0.2107262414685184,0.340532513037071
2018/9/27,0.021454574086439995,0.29160168441104706
2018/9/28,0.000492662416,0.24593271503805694
2018/10/8,1.30042891213225,0.38667338960460557
2018/10/9,0.79499656722564,0.43689084233782005
2018/10/10,0.68199403273849,0.4640966574521463
2018/10/11,12.709501645505439,1.9904116248258314
2018/10/12,2.42871746741649,1.9886540541605466
2018/10/15,0.032743734875290004,1.6731035181804657
2018/10/16,1.4148231799395599,1.5938956839059735
2018/10/17,0.230867757169,1.3719006538400438
2018/10/18,1.78419840897321,1.3890435421111424
2018/10/19,0.06949355889801612,1.1678773891331902
2018/10/22,13.21530939119689,2.5146590300414644
2018/10/23,0.7743984512007744,2.184567589034688
2018/10/24,0.61942897085161,1.9187006215069773
2018/10/25,0.00465081716961,1.6091767429915371
2018/10/26,0.8263816111825156,1.4324357740547022
2018/10/29,0.96680199746881,1.3346198610604403
2018/10/30,0.30201058811400994,1.1646984166562955
2018/10/31,0.788756903488817,1.056207959418856
2018/11/1,0.6570377154126769,0.9115303181698514
2018/11/2,2.469543198772681,1.0357130813142796
2018/11/5,1.7678971891667028,1.0589771277718245
2018/11/6,0.09832495333761002,0.9051613928902473
2018/11/7,0.34715298696961,0.8113521016440097
2018/11/8,0.33239906344835995,0.730823966617202
2018/11/9,0.73674103223044,0.7172869872066594
2018/11/12,1.4963526971646015,0.7614448186456412
2018/11/13,2.4742966906854726,0.9106360920333109
2018/11/14,0.5204891790444096,0.8139675289853894
2018/11/15,0.1533354602757184,0.6943943988759256
2018/11/16,0.6258102244316224,0.6444942597131436
2018/11/19,0.21980512264576407,0.5592323490146542
2018/11/20,0.5344877629168899,0.5469552588153337
2018/11/21,0.31249061487395996,0.5068000695848757
2018/11/22,0.18711220238350237,0.44065680647897887
2018/11/23,3.54534780860836,0.8322477336334541
2018/11/26,1.92532108852836,0.9552902578032604
2018/11/27,0.29066472595155607,0.8267222453862123
2018/11/28,0.9303794081455329,0.7890789051324237
2018/11/29,0.015934346148942402,0.6615786704027096
2018/11/30,0.10085349953535999,0.5729038075623397
2018/12/3,2.443288081238285,0.7430388133051632
2018/12/4,0.0030328480836899997,0.6246447484889863
2018/12/5,0.13394858494261688,0.5340180209641885
2018/12/6,0.0143460146925225,0.4479966828122491
2018/12/7,0.032381498641959994,0.38342411135153887
2018/12/10,0.06629960666641001,0.3348372815450042
2018/12/11,0.0027349626117969,0.28105287648343164
2018/12/12,0.32945123810526494,0.2664408912415549
2018/12/13,0.5647234829463397,0.2795758977410981
2018/12/14,0.13690185000625002,0.258427521622827
2018/12/17,0.85993406667169,0.3379849831816953
2018/12/18,0.05167947449344001,0.2945061781484758
2018/12/19,0.212569868809,0.2816760140389117
2018/12/20,0.38854477688896005,0.2950745144173556
2018/12/21,0.05576408319364,0.2592375130971554
2018/12/24,8.155354249e-07,0.21834255695893187
2018/12/25,0.054397445702760006,0.19479433412774164
2018/12/26,0.04803500672721,0.1740676108330951
2018/12/27,0.33048609459264006,0.19712862635107692
2018/12/28,1.04151475044369,0.3102832158660566
2019/1/2,0.510956195344,0.33343608550832105
2019/1/3,0.83678896778689,0.3977426000614285
2019/1/4,0.49211420363259034,0.3815610131987443
2019/1/7,3.5487708599457854,0.7172406120542703
2019/1/8,0.45521166978293764,0.6449932880963803
2019/1/9,0.0027602340886848996,0.5406553993930278
2019/1/10,0.00036476416144,0.4542858267594424
2019/1/11,0.0045522427314961,0.3809833315773608
2019/1/14,0.13498393568256,0.343025115400587
2019/1/15,0.07436903694519689,0.2927114016779449
2019/1/16,0.1406614823658496,0.25682860832591353
2019/1/17,0.62575725472324,0.30591479885750733
2019/1/18,0.0154915934789529,0.2571187238868838
2019/1/21,0.6278842258809316,0.27869496085030004
2019/1/22,0.00819664054609,0.23721595510772242
2019/1/23,0.06462109716624001,0.21219071428822042
2019/1/24,0.2734958114267929,0.20291684113253486
2019/1/25,0.38017175961249,0.2064256520515572
2019/1/28,0.038045875664390404,0.17533732099907315
2019/1/29,0.25431788484035994,0.187732164220692
2019/1/30,0.046233127357210003,0.16786000739740392
2019/1/31,0.26371799081103997,0.18277273577795286
2019/2/1,0.8784704790283536,0.25180484910493256
2019/2/11,4.05685057640625,0.66787375284
2019/2/12,1.242769162891625,0.6913147379957292
2019/2/13,0.7657715520123876,0.6574048871338947
2019/2/14,1.1281533605710097,0.6696027028357703
2019/2/15,0.023685600907612903,0.5620479794269049
2019/2/18,1.050920364256165,0.5810871671145769
2019/2/19,0.90865793752496,0.5810655100783336
2019/2/20,0.0417262329,0.4963933915063678
2019/2/21,1.7065161e-07,0.4169019088313126
2019/2/22,0.49229546206129005,0.3976534429779266
2019/2/25,8.432151369122558,1.3038850675362776
2019/2/26,1.5847747504538567,1.262541922246305
2019/2/27,1.5262519518064896,1.2645197356269946
2019/2/28,0.36061550286129,1.113993125785553
2019/3/1,0.24081930913423363,0.980451918044364
2019/3/4,0.48773406569615996,0.8688871167575851
2019/3/5,1.5073706763750623,0.8896351121457938
2019/3/6,1.7297190018763524,0.9323800434001467
2019/3/7,3.249114001e-05,0.7819529086406006
2019/3/8,2.7259717160728902,1.0147429314470706
2019/3/11,1.836173456800848,1.049284201125261
2019/3/12,4.997035066944009,1.4453175031851317
2019/3/13,0.60311299621225,1.2977775094354522
2019/3/14,1.57227473965444,1.2999277259832782
2019/3/15,0.00256502744521,1.090694024484697
2019/3/18,0.9537818975650564,1.0126938805985481
2019/3/19,0.5655724039884304,0.9043551913303672
2019/3/20,0.1162196281,0.7784247499590428
2019/3/21,0.00059968173456,0.6526281361123321
2019/3/22,0.005248317145372901,0.5470558595156928
2019/3/25,0.4571536700659601,0.5264840128078027
2019/3/26,0.8857796985856901,0.5657774883342594
2019/3/27,1.42147723095184,0.6678940654845658
2019/3/28,0.42447492250276003,0.6232432661907217
2019/3/29,0.4620221876061796,0.5671083155039257
2019/4/1,6.185535688714639,1.176885675618163
2019/4/2,1.7417618912333925,1.1741872489774494
2019/4/3,0.00505124339841,0.9860970970506381
2019/4/4,0.0803962529018289,0.8315707446027863
2019/4/8,0.357097075776,0.7511397073431936
2019/4/9,0.51609597376324,0.7051741212940019
2019/4/10,0.018893071547284902,0.5915445529488302
2019/4/11,0.046153604589209994,0.5058997169428299
2019/4/12,0.11870181667968999,0.4452629948460945
2019/4/15,0.44147931760880993,0.43917181901961366
2019/4/16,0.19246093639368997,0.3999849208258016
2019/4/17,4.281741265552134,0.8181714975750322
2019/4/18,0.18814177778479688,0.7014221980429417
2019/4/19,0.058500226171240004,0.5998378868093707
2019/4/22,0.16167210597409,0.5300997776691893
2019/4/23,2.0618283382862397,0.719785529807736
2019/4/24,0.054402763536,0.6145616546623168
2019/4/25,0.8401363115102499,0.6335399393327673
2019/4/26,3.76226656212969,1.0209765866883036
2019/4/29,1.86066050203609,1.1050598391695587
2019/4/30,0.36970814211769,0.9817671351431064
2019/5/6,4.65784105249024,1.4064874946299184
2019/5/7,0.81027380313441,1.2924852101886164
2019/5/8,0.40562161158648996,1.1434815443319302
2019/5/9,0.11695093596480999,0.9786631959333364
2019/5/10,1.3709962953381603,0.9659875259126581
2019/5/13,0.010940421536460899,0.8094482232123676
2019/5/14,0.26072379756544006,0.719419596875575
2019/5/15,1.2998388637746576,0.7409207492495002
2019/5/16,0.7095467668690801,0.6926922939578342
2019/5/17,1.2355222831402501,0.7501833924043816
2019/5/20,3.6866234913872398,1.1090956583079523
2019/5/21,0.028331023183968396,0.9302228827301107
2019/5/22,0.18125488819216,0.7945019324187674
2019/5/23,0.65993543096881,0.7605049682031891
2019/5/24,0.37123978773024996,0.693555119741206
2019/5/27,0.8970825902229136,0.6739072052356085
2019/5/28,1.1937592232785519,0.6908194062569599
2019/5/29,0.0066391142501776,0.5790088551960887
2019/5/30,0.029274487962452102,0.4865907793454421
2019/5/31,0.08530448184387611,0.41389733129527306
2019/6/3,0.35194413870144003,0.396529187229094
2019/6/4,0.83571922165824,0.450437127492786
2019/6/5,0.20103287701561,0.4105941802568135
2019/6/6,1.0859824141830399,0.4947367447282519
2019/6/10,0.005970127475560001,0.4175708084692232
2019/6/11,2.222767394120729,0.5938087410334397
2019/6/12,0.5025974690903882,0.5468360174041503
2019/6/13,0.10859463436900002,0.4780154725272395
2019/6/14,0.47423579244484004,0.4709479367972152
2019/6/17,0.8667771994756901,0.5167810754026688
2019/6/18,0.01145043384489,0.4372064092591308
2019/6/19,0.1848163744575625,0.38218194281551565
2019/6/20,0.2029518447731329,0.33795908507342454
2019/6/21,1.8684350200304098,0.4864601268582333
2019/6/24,0.0452647793821441,0.4103213591182098
2019/6/25,0.17469733261761,0.3732968077116563
2019/6/26,0.022753731323559998,0.31924138634880217
2019/6/27,0.31267612145025003,0.2966526314051278
2019/6/28,0.04191052406436,0.25834962215633545
2019/7/1,0.3067063689679929,0.24054085635482203
2019/7/2,0.018109900403380903,0.20254664527085262
2019/7/3,0.0094922677951929,0.1703517623516468
2019/7/4,0.0018958273892099998,0.14495224635049597
2019/7/5,0.027332355625,0.12890248547657127
2019/7/8,1.66970718541225,0.3339582602417411
2019/7/9,1.0850888889760002,0.43045898618792133
2019/7/10,0.0008601697108225001,0.36126832421835087
2019/7/11,0.10290558252099999,0.32183274325143
2019/7/12,0.0114534794580649,0.2702670122302738
2019/7/15,0.34397121215854815,0.2589531939992319
2019/7/16,0.017511784690410002,0.21792513704011032
2019/7/17,0.006279072688359999,0.1859279363071218
2019/7/18,0.30273093405801005,0.2032673939645217
2019/7/19,0.00023754207376,0.17181044294856776
2019/7/22,0.022976617664160003,0.15061579915164083
2019/7/23,0.0039839033841489,0.12681818713139154
2019/7/24,0.7578642669160001,0.18399964278247619
2019/7/25,0.12416980384056958,0.16424266901518894
2019/7/26,0.29466336666732157,0.1650048545833686
2019/7/29,0.25237900288515697,0.16123372585881512
2019/7/30,0.0135221198256225,0.13592927752433978
2019/7/31,0.030958965542560005,0.12197493623334697
2019/8/1,0.00782717092369,0.1041213404023418
2019/8/2,0.06944790278208998,0.10152872842509379
2019/8/5,0.31680417503295993,0.13453415805953792
2019/8/6,2.1593782300132895,0.40102378021098556
2019/8/7,0.00242978999041,0.3381833245734324
2019/8/8,0.00966450218724,0.28731772003072886
2019/8/9,0.10844033408784,0.2607396419452902
2019/8/12,0.00456275932324,0.22133925720813216
2019/8/13,0.0121758490942929,0.18616714344484503
2019/8/14,0.01244828886961,0.1567385703571714
2019/8/15,0.00389644366225,0.13411703582113424
2019/8/16,1.0478446843561227,0.22250967582694023
2019/8/19,1.645795898868493,0.3643235257525509
2019/8/20,0.2261079816960969,0.32534679943005457
2019/8/21,0.006657208772558401,0.27305986614170574
2019/8/22,0.27770895328176043,0.2543002814654315
2019/8/23,0.12489509402500001,0.23551643596751295
2019/8/26,0.5965707099240101,0.28421149850738275
2019/8/27,0.8949335578461183,0.3309964838547038
2019/8/28,0.2140413398218404,0.2962159658459772
2019/8/29,0.05433509718121,0.25995564706197843
2019/8/30,0.39037429024036,0.27712998247889914
2019/9/2,0.0750255212479369,0.244278058774343
2019/9/3,1.1871530005815598,0.33044361788999466
2019/9/4,0.31887652405374095,0.3066748836181755
2019/9/5,0.16510187472529,0.27094207235414197
2019/9/6,0.0017178562958209001,0.2276473688500246
2019/9/9,0.6386714741621776,0.2552288313468492
2019/9/10,0.35665548420096005,0.24772084500461983
2019/9/11,0.10698440097409001,0.22740169095044632
2019/9/12,0.018665024399999997,0.19637110071353042
2019/9/16,0.0032494069927449004,0.16514237432877166
2019/9/17,1.42529955065281,0.33299991134313717
2019/9/18,1.0088392472180099,0.4197841230159109
2019/9/19,0.1876261041957241,0.3678739105478599
2019/9/20,0.3414136184972101,0.34038919590681277
2019/9/23,0.19680065633284002,0.3178775689429886
2019/9/24,0.0409435840099441,0.26886414682682713
2019/9/25,0.04111011718969,0.2349504890075001
2019/9/26,2.15093462584225,0.4840236621473585
2019/9/27,0.66862151517184,0.5017528162617452
2019/9/30,0.05691449976975999,0.4324244760349938
2019/10/8,0.01098452821041,0.3792241388514152
2019/10/9,0.0710574483499609,0.3227592997092317
2019/10/10,0.5472259494977284,0.324839740233539
2019/10/11,0.0020383915671025,0.27276140617264266
2019/10/14,0.010009862430489999,0.22917398523502996
2019/10/15,0.40013443081923994,0.252728898903487
2019/10/16,1.39917102766336,0.4029839072321796
2019/10/17,0.42510400000000004,0.4015748613479388
2019/10/18,0.48268992912920994,0.40811314613139094
2019/10/21,0.87654327787321,0.46547809286684283
2019/10/22,0.0437839261802881,0.3926590630014605
2019/10/23,0.0010880300160900002,0.3307809101809495
2019/10/24,0.04105490492401,0.28679367741874034
2019/10/25,0.10161516082996891,0.24817662181257952
2019/10/28,0.8254247984763663,0.2931253023767507
2019/10/29,0.03868738881921,0.24799790988753487
2019/10/30,0.6273245102592401,0.298771822467357
2019/10/31,0.021345297660089996,0.25662642716725337
2019/11/1,0.06129411344919039,0.21650578367173867
2019/11/4,0.35810394713533694,0.21547884443594073
2019/11/5,0.39652100691673964,0.21872094837717898
2019/11/6,0.25923405853910886,0.20693033528666768
2019/11/7,0.02815878651364,0.18094709219710406
2019/11/8,0.0032253312640000004,0.15423745965573277
2019/11/11,1.11828658058649,0.284345850035155
2019/11/12,0.32539802870689,0.2887670234559669
2019/11/13,0.006126740802249999,0.24521298045624587
2019/11/14,0.09019716586626489,0.21230346599357192
2019/11/15,0.037792759692960004,0.1870761019208756
2019/11/18,0.03980547707161,0.16629311655990625
2019/11/19,1.0441935064809371,0.24906831848230368
2019/11/20,0.15641291751593292,0.2218781024003437
2019/11/21,0.06507269374224998,0.1994542597393089
2019/11/22,0.0025141309120321003,0.16777041353757502
2019/11/25,0.020900658384359998,0.14688397973422504
2019/11/26,0.33093046452211355,0.1543201571311712
2019/11/27,0.0316231674673216,0.13127938475251116
2019/11/28,0.0015859270816899998,0.11216873139533977
2019/11/29,0.0236999220458841,0.09545663746429185
2019/12/2,0.029762667345959996,0.07941016125128594
2019/12/3,0.023204127287580097,0.06798182458647825
2019/12/4,0.0585694596472384,0.06112595767378878
2019/12/5,0.18009849473881692,0.06690246258376387
2019/12/6,0.25416825096704043,0.07930512085552116
2019/12/9,0.024197753136312897,0.06795765591441304
2019/12/10,0.0096122670983089,0.05770120267341079
2019/12/11,0.0007323513027601001,0.049284195451124536
2019/12/12,0.08903402596448999,0.058622710294436844
2019/12/13,0.33364538425820245,0.08070701994020334
2019/12/16,1.1626446491652,0.19075480885126705
2019/12/17,1.3262882329209744,0.30138763239987454
2019/12/18,0.00029455827129,0.25397784356062636
2019/12/19,0.14815624697449,0.23862687414198422
2019/12/20,0.12202390348863999,0.22199202461773795
2019/12/23,0.5260821393510401,0.2635502866745406
2019/12/24,0.6792598482197284,0.2897478488417137
2019/12/25,1.8068358681774024,0.43903364975296544
2019/12/26,0.4656842406405721,0.4132668047029996
2019/12/27,0.01533186291961,0.35131091231581496
2019/12/30,0.10428251901824162,0.3023961285230691
2019/12/31,0.26502652524485293,0.27754750466164896
2020/1/2,0.5773344561270785,0.2907512389386264
2020/1/3,0.6669625146779529,0.3111603421006819
2020/1/6,0.5134069148551561,0.31141308730433087
2020/1/7,0.3531821611415161,0.29437380562992355
2020/1/8,0.09338237557609,0.2644234892382507
2020/1/9,0.2108234701377289,0.2401794179929047
2020/1/10,0.0040565460286404,0.20178624930583786
2020/1/13,0.2660685495639889,0.193444174944129
2020/1/14,0.36149031921242253,0.1965143057914157
2020/1/15,0.11476673900175999,0.18568127869798878
2020/1/16,0.02954730658489,0.1633789004399158
2020/1/17,0.07469037566116,0.15194964199113684
2020/1/20,0.615618516997232,0.18932706973368219
2020/1/21,0.3092795981119744,0.18753927470463705
2020/1/22,0.9482391333860041,0.2560593982655066
2020/1/23,0.12291707139399609,0.22444032960957205
2020/2/3,11.82063956658649,1.675978925017141
2020/2/4,9.152025931115402,2.458832813461117
2020/2/5,10.51070989050625,3.2747386967481256
2020/2/6,2.241126396277424,2.9874238450052695
2020/2/7,3.210538496021954,2.859093009452621
2020/2/10,1.5805110818387642,2.563766834823433
2020/2/11,0.20778226522596,2.1644691566511343
2020/2/12,0.1323547255986921,1.8227283761445876
2020/2/13,0.5750992877760601,1.5833563635149994
2020/2/14,0.5311348641000001,1.4037088698373017
2020/2/17,0.5042247689193796,1.2248927908232032
2020/2/18,2.1837970204990564,1.2650442172982084
2020/2/19,0.0113243586710409,1.059742933905913
2020/2/20,0.022586233466608898,0.8884948743819912
2020/2/21,0.7297993244893849,0.8184192357373062
2020/2/24,4.069036521e-07,0.6863865464722851
2020/2/25,0.7252499477145664,0.6487449717511575
2020/2/26,0.055151709032880095,0.5469388323887976
2020/2/27,0.9590508181699601,0.5923709462084699
2020/2/28,8.403870517249,1.5649893349007937
2020/3/2,0.42796884759715836,1.3309734050632172
2020/3/3,1.535508311046564,1.2795454351953712
2020/3/4,0.32335781839935995,1.1214500575221338
2020/3/5,0.7226413959172489,1.0126051343958677
2020/3/6,0.06817420218361,0.861746793003502
2020/3/9,3.8759745937502497,1.2261951519739425
2020/3/10,0.011675025084060901,1.0272275593318347
2020/3/11,1.505810658752153,1.0219183267046548
2020/3/12,2.9947683454920098,1.249447996712227
2020/3/13,0.11844197571600001,1.0675283789928025
2020/3/16,0.33354505912896,0.9453742679501729
2020/3/17,6.590719163808161,1.635214081491143
2020/3/18,1.1224476516096897,1.524454235455125
2020/3/19,1.72527541980676,1.5091476760948384
2020/3/20,0.021761619331239997,1.2697615658995427
2020/3/23,7.567919570619041,2.0282145787165082
2020/3/24,0.00020693340363239998,1.6987923141635353
2020/3/25,1.8646132997112335,1.6250371478194388
2020/3/26,0.19532607824040998,1.3929239148229942
2020/3/27,0.30227509182025,1.213469583978382
2020/3/30,1.1169336134606402,1.1707292519195225
2020/3/31,0.2401990196070609,1.0017691408623612
2020/4/1,0.02301753225409,0.8592815011736847
2020/4/2,0.8091957437374864,0.8027834576313576
2020/4/3,0.566377815373793,0.728679689844568
2020/4/7,0.1855217944762081,0.6261954244028913
2020/4/8,7.410627225e-05,0.5256610368611263
2020/4/9,0.02106541640449,0.4464414619319461
2020/4/10,1.7365820806713599,0.6082760058862045
2020/4/13,2.16518776288929,0.798296752940631
2020/4/14,3.0327356632380194,1.0060952332455941
2020/4/15,1.9769140056495078,1.0581234998693678
2020/4/16,0.2681389298029689,0.9104228882327786
2020/4/17,2.0300994940033603,0.9841507401288837
2020/4/20,0.03559218054921,0.8327302080689234
2020/4/21,0.3185103364358399,0.7468034306932433
